Date,Close/Last,Volume,Open,High,Low
02/13/2024,$0.1448,59109780,$0.15,$0.1508,$0.1409
02/12/2024,$0.1521,67387130,$0.1574,$0.1612,$0.1506
02/09/2024,$0.155,83993540,$0.1669,$0.1675,$0.1538
02/08/2024,$0.164,58567610,$0.1648,$0.1695,$0.1609
02/07/2024,$0.165,56932560,$0.1609,$0.1723,$0.155
02/06/2024,$0.1609,59453740,$0.1581,$0.1629,$0.1544
02/05/2024,$0.1561,81264790,$0.172,$0.174,$0.154
02/02/2024,$0.17,57176860,$0.1793,$0.1827,$0.17
02/01/2024,$0.1802,93669290,$0.21,$0.2219,$0.177
01/31/2024,$0.2042,92952690,$0.183,$0.213,$0.177
01/30/2024,$0.1803,87287050,$0.1862,$0.2039,$0.1731
01/29/2024,$0.1869,97837730,$0.1588,$0.1878,$0.1555
01/26/2024,$0.1553,55239280,$0.1634,$0.1654,$0.155
01/25/2024,$0.1627,68931940,$0.1729,$0.1729,$0.1589
01/24/2024,$0.1681,41544220,$0.18,$0.1835,$0.165
01/23/2024,$0.1732,56561530,$0.1821,$0.1834,$0.166
01/22/2024,$0.185,61861230,$0.1627,$0.185,$0.1615
01/19/2024,$0.1649,45800430,$0.17,$0.1701,$0.1587
01/18/2024,$0.1755,61146830,$0.1808,$0.1815,$0.1622
01/17/2024,$0.1802,55740920,$0.1825,$0.1935,$0.1768
01/16/2024,$0.1845,71701810,$0.2038,$0.205,$0.18
01/12/2024,$0.2032,53612680,$0.2108,$0.2143,$0.2014
01/11/2024,$0.2105,58287550,$0.22,$0.2273,$0.21
01/10/2024,$0.2187,71756120,$0.2195,$0.238,$0.213
01/09/2024,$0.213,99047080,$0.23,$0.2373,$0.2124
01/08/2024,$0.252,214570100,$0.2782,$0.308,$0.244
01/05/2024,$0.2382,87740540,$0.232,$0.2392,$0.2068
01/04/2024,$0.2134,43841570,$0.2277,$0.2305,$0.212
01/03/2024,$0.2318,25631630,$0.23,$0.2343,$0.2254
01/02/2024,$0.23,40513010,$0.254,$0.2572,$0.2294
12/29/2023,$0.2572,31315240,$0.2678,$0.2712,$0.2535
12/28/2023,$0.2631,53087480,$0.2449,$0.2716,$0.2449
12/27/2023,$0.2467,32855960,$0.2323,$0.247,$0.2323
12/26/2023,$0.234,39157580,$0.239,$0.24,$0.228
12/22/2023,$0.237,41650630,$0.242,$0.249,$0.2369
12/21/2023,$0.2415,42026160,$0.2532,$0.256,$0.2354
12/20/2023,$0.2521,29886940,$0.251,$0.2599,$0.248
12/19/2023,$0.255,48608540,$0.269,$0.27,$0.2477
12/18/2023,$0.26,45567240,$0.2625,$0.2755,$0.2585
12/15/2023,$0.2559,41474810,$0.2626,$0.2699,$0.2532
12/14/2023,$0.255,35358050,$0.2524,$0.2689,$0.25
12/13/2023,$0.2434,33531840,$0.2339,$0.2468,$0.227
12/12/2023,$0.242,26240660,$0.245,$0.2483,$0.2323
12/11/2023,$0.2489,21844640,$0.2514,$0.2623,$0.2412
12/08/2023,$0.2478,24061180,$0.25,$0.2549,$0.242
12/07/2023,$0.25,22742870,$0.2688,$0.2717,$0.25
12/06/2023,$0.2695,26822710,$0.2601,$0.2815,$0.252
12/05/2023,$0.2564,29113400,$0.269,$0.27,$0.2501
12/04/2023,$0.27,35278730,$0.30,$0.30,$0.269
12/01/2023,$0.29,31381790,$0.307,$0.31,$0.29
11/30/2023,$0.31,29421170,$0.3185,$0.3257,$0.31
11/29/2023,$0.31,35869230,$0.35,$0.3594,$0.31
11/28/2023,$0.3449,22231330,$0.34,$0.3526,$0.3282
11/27/2023,$0.3319,21250600,$0.3135,$0.3341,$0.305
11/24/2023,$0.3216,15791150,$0.318,$0.33,$0.3045
11/22/2023,$0.3287,33851920,$0.3523,$0.3529,$0.315
11/21/2023,$0.3441,45182240,$0.3788,$0.3789,$0.34
11/20/2023,$0.3638,102862700,$0.32,$0.383,$0.3161
11/17/2023,$0.3015,40213090,$0.2682,$0.3027,$0.2657
11/16/2023,$0.26,33598540,$0.2749,$0.2894,$0.2533
11/15/2023,$0.2721,52803200,$0.2921,$0.3269,$0.2701
11/14/2023,$0.27,34077640,$0.2605,$0.2805,$0.257
11/13/2023,$0.2527,26818850,$0.25,$0.2535,$0.2336
11/10/2023,$0.245,20767890,$0.23,$0.245,$0.2215
11/09/2023,$0.2264,22682540,$0.2369,$0.2388,$0.2201
11/08/2023,$0.2344,24760120,$0.2572,$0.2585,$0.2322
11/07/2023,$0.258,29968690,$0.2658,$0.2662,$0.244
11/06/2023,$0.2617,21304100,$0.2848,$0.2849,$0.2554
11/03/2023,$0.2732,22810390,$0.271,$0.2832,$0.2673
11/02/2023,$0.275,28494580,$0.262,$0.2999,$0.2586
11/01/2023,$0.2574,14559130,$0.27,$0.277,$0.2525
10/31/2023,$0.2741,9003444,$0.256,$0.2741,$0.25
10/30/2023,$0.2622,15735420,$0.2661,$0.2745,$0.2514
10/27/2023,$0.2647,15642730,$0.2745,$0.275,$0.2581
10/26/2023,$0.2697,12834420,$0.2696,$0.28,$0.261
10/25/2023,$0.2711,18357180,$0.31,$0.3105,$0.2673
10/24/2023,$0.2981,17687590,$0.2931,$0.315,$0.2858
10/23/2023,$0.2792,17839610,$0.2645,$0.2888,$0.2583
10/20/2023,$0.2622,19731500,$0.278,$0.28,$0.2622
10/19/2023,$0.28,26565870,$0.31,$0.31,$0.28
10/18/2023,$0.3125,18053170,$0.3315,$0.3412,$0.3099
10/17/2023,$0.3353,19051210,$0.33,$0.3484,$0.329
10/16/2023,$0.3218,15150170,$0.3436,$0.3462,$0.3213
10/13/2023,$0.334,20014190,$0.3392,$0.345,$0.3247
10/12/2023,$0.3369,27767680,$0.3687,$0.3698,$0.33
10/11/2023,$0.3682,18935450,$0.3958,$0.4045,$0.3682
10/10/2023,$0.3904,18171610,$0.382,$0.4059,$0.382
10/09/2023,$0.384,29456240,$0.4068,$0.4081,$0.3733
10/06/2023,$0.4166,20073450,$0.4212,$0.4271,$0.4101
10/05/2023,$0.444,19216210,$0.4314,$0.4449,$0.40
10/04/2023,$0.4301,14868850,$0.44,$0.45,$0.4201
10/03/2023,$0.4451,10442270,$0.4485,$0.4539,$0.4351
10/02/2023,$0.4463,18438310,$0.4858,$0.4918,$0.44
09/29/2023,$0.49,15919720,$0.475,$0.4969,$0.475
09/28/2023,$0.4845,6886201,$0.474,$0.49,$0.4699
09/27/2023,$0.4898,20591140,$0.4655,$0.49,$0.46
09/26/2023,$0.47,27331880,$0.4557,$0.5065,$0.45
09/25/2023,$0.4576,14317820,$0.4407,$0.4596,$0.4273
09/22/2023,$0.45,13928420,$0.4489,$0.458,$0.4317
09/21/2023,$0.4433,12488880,$0.4523,$0.4609,$0.4377
09/20/2023,$0.4531,13594830,$0.4777,$0.485,$0.4526
09/19/2023,$0.4768,27471390,$0.47,$0.4953,$0.445
09/18/2023,$0.4619,32931760,$0.4878,$0.488,$0.4557
09/15/2023,$0.4822,30873300,$0.5192,$0.5218,$0.4713
09/14/2023,$0.51,13148470,$0.5164,$0.5331,$0.5046
09/13/2023,$0.51,9575783,$0.5266,$0.529,$0.5061
09/12/2023,$0.5254,13942950,$0.5208,$0.5671,$0.52
09/11/2023,$0.5203,13682220,$0.5047,$0.53,$0.503
09/08/2023,$0.4966,23454540,$0.53,$0.535,$0.485
09/07/2023,$0.537,17653060,$0.53,$0.54,$0.5042
09/06/2023,$0.556,16237950,$0.5881,$0.5973,$0.5525
09/05/2023,$0.5956,17313520,$0.595,$0.6165,$0.58
09/01/2023,$0.5905,21675110,$0.6175,$0.6275,$0.58
08/31/2023,$0.5925,39335140,$0.67,$0.6778,$0.5801
08/30/2023,$0.6725,45788100,$0.636,$0.694,$0.636
08/29/2023,$0.6376,60631550,$0.6068,$0.6888,$0.57
08/28/2023,$0.644,114267800,$0.53,$0.644,$0.5297
08/25/2023,$0.5284,30003060,$0.5008,$0.5453,$0.5004
08/24/2023,$0.5141,28078010,$0.5371,$0.544,$0.4866
08/23/2023,$0.5341,25020220,$0.51,$0.5497,$0.51
08/22/2023,$0.515,33239300,$0.4766,$0.517,$0.476
08/21/2023,$0.4765,20811420,$0.439,$0.4856,$0.4322
08/18/2023,$0.4418,16322390,$0.42,$0.445,$0.42
08/17/2023,$0.4416,21684450,$0.443,$0.4595,$0.4317
08/16/2023,$0.4372,37055120,$0.465,$0.4675,$0.43
08/15/2023,$0.4843,39449390,$0.524,$0.5267,$0.47
08/14/2023,$0.5093,38223440,$0.5214,$0.53,$0.48
08/11/2023,$0.5147,23951170,$0.52,$0.5295,$0.5004
08/10/2023,$0.5214,23658730,$0.537,$0.5374,$0.5086
08/09/2023,$0.5312,28218960,$0.55,$0.5576,$0.5069
08/08/2023,$0.5573,17991690,$0.5481,$0.57,$0.545
08/07/2023,$0.569,48635080,$0.598,$0.598,$0.525
08/04/2023,$0.6027,31320360,$0.66,$0.6612,$0.5922
08/03/2023,$0.6476,24052640,$0.6156,$0.6574,$0.599
08/02/2023,$0.6293,22367600,$0.63,$0.652,$0.602
08/01/2023,$0.6561,35637500,$0.6578,$0.6747,$0.6214
07/31/2023,$0.6452,66619710,$0.56,$0.6544,$0.5555
07/28/2023,$0.542,37500150,$0.534,$0.5759,$0.5201
07/27/2023,$0.5217,35394150,$0.5903,$0.591,$0.5202
07/26/2023,$0.5777,30092860,$0.5546,$0.5849,$0.5455
07/25/2023,$0.5467,41875230,$0.618,$0.6277,$0.545
07/24/2023,$0.609,33345390,$0.64,$0.6437,$0.5876
07/21/2023,$0.6443,40648280,$0.6875,$0.6978,$0.6151
07/20/2023,$0.6652,45266270,$0.735,$0.7476,$0.6512
07/19/2023,$0.7176,99928420,$0.7501,$0.8477,$0.7014
07/18/2023,$0.70,81399770,$0.7008,$0.793,$0.68
07/17/2023,$0.6954,63592110,$0.6749,$0.7315,$0.632
07/14/2023,$0.7068,189412800,$0.575,$0.7379,$0.5629
07/13/2023,$0.5552,26407540,$0.55,$0.56,$0.5305
07/12/2023,$0.5495,33820630,$0.549,$0.5648,$0.5208
07/11/2023,$0.5167,35637060,$0.509,$0.5228,$0.5025
07/10/2023,$0.50,110093300,$0.6386,$0.6399,$0.496
07/07/2023,$0.5531,19963220,$0.5239,$0.5615,$0.5116
07/06/2023,$0.5158,18650050,$0.5384,$0.5386,$0.50
07/05/2023,$0.5498,21886940,$0.55,$0.5599,$0.538
07/03/2023,$0.54,29333170,$0.5058,$0.54,$0.504
06/30/2023,$0.4794,21522140,$0.477,$0.493,$0.4687
06/29/2023,$0.4688,35014680,$0.4515,$0.4993,$0.434
06/28/2023,$0.4343,19870980,$0.4298,$0.444,$0.42
06/27/2023,$0.4245,30320960,$0.463,$0.4664,$0.4135
06/26/2023,$0.4517,27687920,$0.51,$0.51,$0.4517
06/23/2023,$0.50,62000870,$0.52,$0.542,$0.494
06/22/2023,$0.5177,22117660,$0.53,$0.5432,$0.5151
06/21/2023,$0.5287,47099670,$0.57,$0.575,$0.51
06/20/2023,$0.5614,40578770,$0.6696,$0.685,$0.5585
06/16/2023,$0.66,51663640,$0.7079,$0.75,$0.66
06/15/2023,$0.6617,65676720,$0.57,$0.7149,$0.5653
06/14/2023,$0.5628,15793830,$0.565,$0.5978,$0.5611
06/13/2023,$0.561,21834200,$0.5327,$0.5635,$0.523
06/12/2023,$0.5382,15652180,$0.5321,$0.5553,$0.5245
06/09/2023,$0.5241,14920000,$0.5501,$0.554,$0.524
06/08/2023,$0.5376,24162680,$0.59,$0.5967,$0.5233
06/07/2023,$0.5815,19068080,$0.57,$0.6053,$0.57
06/06/2023,$0.5638,16962300,$0.5579,$0.57,$0.5472
06/05/2023,$0.5581,20580810,$0.56,$0.58,$0.55
06/02/2023,$0.55,9557860,$0.56,$0.5604,$0.5414
06/01/2023,$0.5481,11741830,$0.55,$0.5579,$0.545
05/31/2023,$0.556,14264650,$0.574,$0.575,$0.545
05/30/2023,$0.5741,21742510,$0.601,$0.6044,$0.545
05/26/2023,$0.592,13912360,$0.58,$0.6319,$0.5738
05/25/2023,$0.5718,14959400,$0.619,$0.6198,$0.5651
05/24/2023,$0.6158,14497750,$0.62,$0.6319,$0.5933
05/23/2023,$0.6417,12970740,$0.6459,$0.6459,$0.6242
05/22/2023,$0.6504,16875690,$0.6701,$0.6789,$0.639
05/19/2023,$0.6701,16714700,$0.65,$0.69,$0.64
05/18/2023,$0.6449,9134394,$0.66,$0.6622,$0.6222
05/17/2023,$0.6568,10739660,$0.63,$0.675,$0.6027
05/16/2023,$0.6201,33256250,$0.63,$0.73,$0.5936
05/15/2023,$0.60,9982301,$0.59,$0.6031,$0.5727
05/12/2023,$0.5885,10846890,$0.63,$0.645,$0.585
05/11/2023,$0.6237,9018329,$0.65,$0.6623,$0.6201
05/10/2023,$0.665,8531792,$0.689,$0.693,$0.665
05/09/2023,$0.677,19353310,$0.7191,$0.73,$0.651
05/08/2023,$0.7306,11256640,$0.7112,$0.7542,$0.7076
05/05/2023,$0.7074,11051970,$0.74,$0.74,$0.7073
05/04/2023,$0.7171,19693330,$0.804,$0.8098,$0.717
05/03/2023,$0.804,15243730,$0.7536,$0.807,$0.7536
05/02/2023,$0.7664,9446756,$0.76,$0.7899,$0.75
05/01/2023,$0.7684,10190520,$0.7546,$0.7816,$0.7462
04/28/2023,$0.755,10166760,$0.76,$0.777,$0.734
04/27/2023,$0.7577,13597760,$0.7498,$0.77,$0.731
04/26/2023,$0.745,12874550,$0.7303,$0.769,$0.7233
04/25/2023,$0.75,19786770,$0.6956,$0.7649,$0.6759
04/24/2023,$0.7042,13869850,$0.75,$0.76,$0.6821
04/21/2023,$0.7608,9589787,$0.771,$0.778,$0.7301
04/20/2023,$0.7752,15235830,$0.7278,$0.7899,$0.721
04/19/2023,$0.7387,18498120,$0.6901,$0.7697,$0.67
04/18/2023,$0.7184,15320100,$0.779,$0.779,$0.70
04/17/2023,$0.7466,25833200,$0.6978,$0.7776,$0.6935
04/14/2023,$0.6777,8263201,$0.6366,$0.6892,$0.634
04/13/2023,$0.6454,8833169,$0.67,$0.67,$0.6176
04/12/2023,$0.6331,17408940,$0.56,$0.675,$0.56
04/11/2023,$0.566,19960590,$0.5445,$0.61,$0.5361
04/10/2023,$0.5305,15919950,$0.5373,$0.54,$0.5027
04/06/2023,$0.52,12838380,$0.55,$0.5597,$0.5199
04/05/2023,$0.549,14593410,$0.5903,$0.60,$0.5423
04/04/2023,$0.5947,9268519,$0.62,$0.6247,$0.5831
04/03/2023,$0.6198,20111540,$0.6942,$0.6974,$0.6026
03/31/2023,$0.6526,19569270,$0.6138,$0.6675,$0.5901
03/30/2023,$0.623,18945270,$0.6294,$0.6596,$0.6209
03/29/2023,$0.6158,12807290,$0.5831,$0.6224,$0.5831
03/28/2023,$0.5828,11921400,$0.5805,$0.593,$0.5695
03/27/2023,$0.5805,11167310,$0.5858,$0.6232,$0.5702
03/24/2023,$0.5866,12319240,$0.578,$0.5954,$0.55
03/23/2023,$0.561,14762370,$0.606,$0.61,$0.56
03/22/2023,$0.5833,24821160,$0.6887,$0.6997,$0.5801
03/21/2023,$0.6975,22574750,$0.67,$0.7073,$0.653
03/20/2023,$0.6412,24892630,$0.5857,$0.642,$0.5801
03/17/2023,$0.5861,43500370,$0.5803,$0.5908,$0.5555
03/16/2023,$0.59,38504750,$0.546,$0.5999,$0.546
03/15/2023,$0.5662,23635450,$0.5733,$0.58,$0.5421
03/14/2023,$0.584,25493660,$0.6013,$0.629,$0.5803
03/13/2023,$0.589,23124770,$0.5641,$0.6195,$0.55
03/10/2023,$0.5823,15552710,$0.5969,$0.60,$0.5602
03/09/2023,$0.60,28270850,$0.62,$0.655,$0.5901
03/08/2023,$0.6203,34437880,$0.6599,$0.6599,$0.6127
03/07/2023,$0.6515,31992230,$0.7088,$0.7088,$0.65
03/06/2023,$0.7004,35846220,$0.74,$0.7661,$0.70
03/03/2023,$0.7424,26046820,$0.70,$0.765,$0.69
03/02/2023,$0.6917,20671450,$0.71,$0.7192,$0.67
03/01/2023,$0.7134,20141180,$0.7509,$0.7509,$0.7027
02/28/2023,$0.7485,32190220,$0.71,$0.7598,$0.694
02/27/2023,$0.7003,33312630,$0.7287,$0.74,$0.6955
02/24/2023,$0.7297,26074300,$0.7642,$0.7842,$0.7202
02/23/2023,$0.7844,42850120,$0.8213,$0.8277,$0.73
02/22/2023,$0.822,30244910,$0.871,$0.875,$0.8041
02/21/2023,$0.8651,18237680,$0.8725,$0.8998,$0.86
02/17/2023,$0.8799,17093400,$0.9093,$0.9099,$0.8505
02/16/2023,$0.8954,20293130,$0.91,$0.93,$0.8915
02/15/2023,$0.9442,25640960,$0.9238,$0.96,$0.885
02/14/2023,$0.9372,29090780,$0.9012,$0.9395,$0.871
02/13/2023,$0.9042,29085500,$0.99,$0.995,$0.891
02/10/2023,$0.9948,22832020,$0.9916,$1.02,$0.9623
02/09/2023,$0.9601,28837220,$1.05,$1.06,$0.94
02/08/2023,$1.05,20409410,$1.04,$1.08,$1.01
02/07/2023,$1.03,38091320,$1.09,$1.10,$1.00
02/06/2023,$1.095,82655090,$1.00,$1.14,$0.9881
02/03/2023,$1.25,13896330,$1.19,$1.28,$1.17
02/02/2023,$1.21,26517180,$1.225,$1.31,$1.20
02/01/2023,$1.21,31972320,$1.17,$1.22,$1.10
01/31/2023,$1.20,12016280,$1.23,$1.24,$1.19
01/30/2023,$1.22,17329150,$1.32,$1.32,$1.22
01/27/2023,$1.38,35545110,$1.17,$1.47,$1.15
01/26/2023,$1.19,22207230,$1.29,$1.30,$1.14
01/25/2023,$1.25,33446220,$1.40,$1.41,$1.24
01/24/2023,$1.27,5216863,$1.31,$1.35,$1.26
01/23/2023,$1.33,9975071,$1.25,$1.34,$1.22
01/20/2023,$1.24,6873908,$1.29,$1.30,$1.23
01/19/2023,$1.27,3960158,$1.28,$1.29,$1.21
01/18/2023,$1.32,6248464,$1.33,$1.35,$1.28
01/17/2023,$1.33,6820991,$1.35,$1.38,$1.28
01/13/2023,$1.34,7869170,$1.25,$1.37,$1.25
01/12/2023,$1.30,8883652,$1.19,$1.31,$1.16
01/11/2023,$1.19,8739174,$1.11,$1.22,$1.10
01/10/2023,$1.10,4980121,$1.10,$1.11,$1.07
01/09/2023,$1.08,10109930,$1.11,$1.13,$1.07
01/06/2023,$1.09,7369042,$1.10,$1.16,$1.08
01/05/2023,$1.17,5614183,$1.20,$1.21,$1.14
01/04/2023,$1.24,5432868,$1.26,$1.28,$1.21
01/03/2023,$1.25,6111850,$1.27,$1.28,$1.18
12/30/2022,$1.23,9268931,$1.21,$1.33,$1.17
12/29/2022,$1.22,16058330,$1.09,$1.22,$1.04
12/28/2022,$1.07,4931173,$1.07,$1.09,$1.06
12/27/2022,$1.06,8767003,$1.16,$1.16,$1.04
12/23/2022,$1.16,5137661,$1.12,$1.16,$1.10
12/22/2022,$1.12,8006544,$1.17,$1.19,$1.08
12/21/2022,$1.21,5815368,$1.17,$1.24,$1.12
12/20/2022,$1.17,7226054,$1.18,$1.22,$1.15
12/19/2022,$1.22,6080593,$1.21,$1.23,$1.17
12/16/2022,$1.23,15175850,$1.24,$1.27,$1.18
12/15/2022,$1.26,10579030,$1.18,$1.27,$1.16
12/14/2022,$1.21,12311860,$1.29,$1.31,$1.18
12/13/2022,$1.28,7822262,$1.34,$1.37,$1.25
12/12/2022,$1.28,6591000,$1.30,$1.32,$1.27
12/09/2022,$1.28,7209833,$1.33,$1.375,$1.26
12/08/2022,$1.34,6581984,$1.37,$1.405,$1.31
12/07/2022,$1.37,5985695,$1.30,$1.39,$1.27
12/06/2022,$1.35,8495738,$1.40,$1.42,$1.26
12/05/2022,$1.40,9111304,$1.44,$1.47,$1.39
12/02/2022,$1.44,15085260,$1.37,$1.4796,$1.2815
12/01/2022,$1.38,15999350,$1.42,$1.485,$1.33
11/30/2022,$1.34,17377510,$1.28,$1.34,$1.22
11/29/2022,$1.24,8540922,$1.23,$1.26,$1.19
11/28/2022,$1.18,15322500,$1.18,$1.25,$1.15
11/25/2022,$1.13,17204170,$1.27,$1.28,$1.12
11/23/2022,$1.08,7552136,$1.06,$1.10,$1.06
11/22/2022,$1.055,12979810,$1.12,$1.13,$1.02
11/21/2022,$1.16,10218300,$1.22,$1.24,$1.14
11/18/2022,$1.24,9310929,$1.28,$1.285,$1.21
11/17/2022,$1.25,8881508,$1.29,$1.30,$1.2301
11/16/2022,$1.33,11278510,$1.46,$1.48,$1.32
11/15/2022,$1.47,12743780,$1.56,$1.60,$1.46
11/14/2022,$1.525,27030370,$1.67,$1.68,$1.42
11/11/2022,$1.58,36481980,$1.23,$1.65,$1.17
11/10/2022,$1.21,22798070,$1.31,$1.32,$1.18
11/09/2022,$1.17,9277733,$1.27,$1.28,$1.16
11/08/2022,$1.305,5978645,$1.33,$1.36,$1.27
11/07/2022,$1.32,5553402,$1.35,$1.35,$1.29
11/04/2022,$1.32,5303245,$1.36,$1.39,$1.29
11/03/2022,$1.33,5113799,$1.31,$1.37,$1.30
11/02/2022,$1.32,5760081,$1.40,$1.40,$1.32
11/01/2022,$1.37,5790253,$1.41,$1.42,$1.36
10/31/2022,$1.37,5283710,$1.40,$1.41,$1.35
10/28/2022,$1.38,4797651,$1.39,$1.40,$1.30
10/27/2022,$1.38,4509050,$1.45,$1.46,$1.37
10/26/2022,$1.41,12861600,$1.46,$1.54,$1.40
10/25/2022,$1.41,13607890,$1.38,$1.47,$1.36
10/24/2022,$1.36,5540757,$1.37,$1.4099,$1.30
10/21/2022,$1.385,4903636,$1.34,$1.40,$1.31
10/20/2022,$1.38,5912414,$1.41,$1.45,$1.36
10/19/2022,$1.42,6751878,$1.43,$1.45,$1.39
10/18/2022,$1.46,21627470,$1.61,$1.61,$1.40
10/17/2022,$1.45,24764850,$1.395,$1.58,$1.35
10/14/2022,$1.29,5484839,$1.40,$1.41,$1.28
10/13/2022,$1.37,7516468,$1.34,$1.41,$1.29
10/12/2022,$1.39,7847694,$1.38,$1.43,$1.345
10/11/2022,$1.36,12330260,$1.41,$1.455,$1.33
10/10/2022,$1.37,5739695,$1.56,$1.56,$1.36
10/07/2022,$1.50,6795445,$1.60,$1.63,$1.48
10/06/2022,$1.62,6662602,$1.71,$1.755,$1.62
10/05/2022,$1.73,8895045,$1.85,$1.865,$1.69
10/04/2022,$1.87,7675068,$1.88,$1.95,$1.84
10/03/2022,$1.84,4594975,$1.88,$1.885,$1.77
09/30/2022,$1.875,3905575,$1.95,$1.985,$1.87
09/29/2022,$1.98,6757294,$2.00,$2.04,$1.88
09/28/2022,$2.11,4931996,$2.03,$2.14,$1.98
09/27/2022,$2.03,6012466,$2.07,$2.15,$2.01
09/26/2022,$2.04,5552946,$2.20,$2.305,$2.03
09/23/2022,$2.22,3556176,$2.18,$2.24,$2.14
09/22/2022,$2.25,5949521,$2.37,$2.415,$2.15
09/21/2022,$2.40,3741279,$2.34,$2.51,$2.31
09/20/2022,$2.33,4951561,$2.44,$2.47,$2.31
09/19/2022,$2.50,4103835,$2.48,$2.54,$2.40
09/16/2022,$2.505,9842378,$2.72,$2.765,$2.48
09/15/2022,$2.80,12905700,$2.65,$2.92,$2.60
09/14/2022,$2.60,5232576,$2.54,$2.60,$2.44
09/13/2022,$2.55,5111676,$2.58,$2.69,$2.53
09/12/2022,$2.71,5561186,$2.73,$2.795,$2.60
09/09/2022,$2.70,3860749,$2.72,$2.78,$2.68
09/08/2022,$2.68,3611130,$2.60,$2.77,$2.59
09/07/2022,$2.71,4821742,$2.71,$2.8399,$2.61
09/06/2022,$2.77,4415803,$2.94,$2.96,$2.70
09/02/2022,$2.89,4855974,$3.02,$3.03,$2.85
09/01/2022,$3.01,5391325,$3.09,$3.11,$2.91
08/31/2022,$3.19,3930880,$3.10,$3.21,$3.055
08/30/2022,$3.10,6392244,$3.34,$3.36,$3.02
08/29/2022,$3.32,4455911,$3.43,$3.59,$3.31
08/26/2022,$3.49,3661950,$3.73,$3.7788,$3.47
08/25/2022,$3.71,2513476,$3.67,$3.78,$3.65
08/24/2022,$3.65,4655966,$3.37,$3.74,$3.33
08/23/2022,$3.37,7771799,$3.59,$3.71,$3.34
08/22/2022,$3.59,3926794,$3.58,$3.61,$3.46
08/19/2022,$3.66,5156277,$3.67,$3.765,$3.52
08/18/2022,$3.81,5989462,$4.00,$4.01,$3.70
08/17/2022,$3.91,13430460,$3.92,$4.23,$3.84
08/16/2022,$3.96,8544567,$3.99,$4.05,$3.78
08/15/2022,$3.96,8948115,$4.175,$4.39,$3.85
08/12/2022,$4.28,14169520,$3.77,$4.28,$3.61
08/11/2022,$3.76,17937680,$3.65,$4.32,$3.62
08/10/2022,$3.59,5721996,$3.48,$3.59,$3.33
08/09/2022,$3.41,13299170,$3.685,$3.685,$3.19
08/08/2022,$3.94,15656420,$3.86,$4.19,$3.79
08/05/2022,$3.70,4827199,$3.58,$3.73,$3.45
08/04/2022,$3.57,6829903,$3.69,$3.9399,$3.54
08/03/2022,$3.74,5089257,$3.64,$3.76,$3.56
08/02/2022,$3.61,7009976,$3.36,$3.80,$3.33
08/01/2022,$3.42,4509264,$3.49,$3.582,$3.41
07/29/2022,$3.46,4839127,$3.535,$3.59,$3.432
07/28/2022,$3.58,7079722,$3.59,$3.72,$3.54
07/27/2022,$3.60,5375736,$3.58,$3.61,$3.36
07/26/2022,$3.50,6810180,$3.58,$3.6599,$3.47
07/25/2022,$3.71,6998569,$3.81,$3.81,$3.51
07/22/2022,$3.85,11331390,$3.99,$4.16,$3.645
07/21/2022,$4.05,10939340,$4.07,$4.08,$3.91
07/20/2022,$4.14,19439880,$4.03,$4.33,$3.96
07/19/2022,$4.00,17626420,$4.05,$4.14,$3.9112
07/18/2022,$3.96,29398420,$4.26,$4.28,$3.88
07/15/2022,$4.28,55898180,$4.58,$4.63,$4.17
07/14/2022,$4.61,184905000,$3.90,$5.00,$3.71
07/13/2022,$3.57,35950350,$3.67,$3.71,$3.26
07/12/2022,$3.63,173979100,$4.65,$5.00,$3.58
07/11/2022,$2.37,2458059,$2.70,$2.70,$2.30
07/08/2022,$2.58,4884699,$2.43,$2.85,$2.34
07/07/2022,$2.43,5097759,$2.16,$2.55,$2.115
07/06/2022,$2.14,2480094,$2.14,$2.23,$2.07
07/05/2022,$2.15,6238602,$1.88,$2.17,$1.75
07/01/2022,$1.88,2793056,$1.86,$1.93,$1.785
06/30/2022,$1.85,3834658,$1.97,$2.005,$1.84
06/29/2022,$2.03,7885068,$2.03,$2.04,$1.91
06/28/2022,$2.04,3017301,$2.11,$2.23,$2.02
06/27/2022,$2.13,4051898,$2.25,$2.26,$2.09
06/24/2022,$2.23,6524326,$2.25,$2.36,$2.20
06/23/2022,$2.24,5467021,$2.36,$2.39,$2.20
06/22/2022,$2.31,6719658,$2.49,$2.63,$2.28
06/21/2022,$2.60,7111667,$2.46,$2.85,$2.435
06/17/2022,$2.41,6700651,$2.53,$2.61,$2.39
06/16/2022,$2.56,2242109,$2.63,$2.68,$2.53
06/15/2022,$2.76,3268808,$2.65,$2.8358,$2.59
06/14/2022,$2.63,2229724,$2.81,$2.84,$2.62
06/13/2022,$2.78,2846977,$2.95,$3.045,$2.73
06/10/2022,$3.05,956644,$3.15,$3.235,$3.04
06/09/2022,$3.21,800539,$3.39,$3.39,$3.20
06/08/2022,$3.39,1241016,$3.18,$3.5012,$3.18
06/07/2022,$3.21,1140031,$3.19,$3.2276,$3.08
06/06/2022,$3.18,1368089,$3.39,$3.44,$3.17
06/03/2022,$3.32,1287846,$3.37,$3.37,$3.18
06/02/2022,$3.41,1175077,$3.39,$3.56,$3.29
06/01/2022,$3.33,1491657,$3.36,$3.46,$3.28
05/31/2022,$3.35,4220231,$3.51,$3.52,$3.31
05/27/2022,$3.52,1404881,$3.42,$3.575,$3.375
05/26/2022,$3.33,1758927,$3.18,$3.43,$3.12
05/25/2022,$3.18,1491161,$3.09,$3.23,$3.03
05/24/2022,$3.10,2168246,$3.21,$3.24,$3.01
05/23/2022,$3.24,1900624,$3.44,$3.45,$3.20
05/20/2022,$3.38,1872234,$3.67,$3.7213,$3.27
05/19/2022,$3.64,3057924,$3.34,$3.73,$3.33
05/18/2022,$3.38,1740509,$3.56,$3.72,$3.35
05/17/2022,$3.59,2866114,$3.55,$3.67,$3.34
05/16/2022,$3.33,5450309,$3.43,$3.60,$3.26
05/13/2022,$3.28,2594452,$3.15,$3.43,$3.05
05/12/2022,$3.00,4453406,$2.55,$3.03,$2.55
05/11/2022,$2.79,7322024,$3.36,$3.44,$2.78
05/10/2022,$3.61,3224761,$4.02,$4.0228,$3.47
05/09/2022,$3.805,3627012,$4.30,$4.405,$3.80
05/06/2022,$4.47,1862347,$4.44,$4.60,$4.26
05/05/2022,$4.49,2115303,$4.81,$4.865,$4.415
05/04/2022,$4.91,1833070,$4.74,$4.95,$4.57
05/03/2022,$4.75,1053548,$4.80,$4.93,$4.695
05/02/2022,$4.85,1472677,$4.78,$4.8902,$4.67
04/29/2022,$4.80,1159142,$5.01,$5.08,$4.78
04/28/2022,$5.02,1323702,$4.91,$5.055,$4.80
04/27/2022,$4.87,1826757,$5.04,$5.10,$4.83
04/26/2022,$4.99,2210933,$5.10,$5.1201,$4.795
04/25/2022,$5.18,1832146,$4.90,$5.26,$4.895
04/22/2022,$4.95,2257554,$4.69,$5.00,$4.61
04/21/2022,$4.71,2306332,$5.00,$5.20,$4.70
04/20/2022,$4.89,1203899,$5.05,$5.0672,$4.83
04/19/2022,$5.04,1494046,$4.89,$5.11,$4.71
04/18/2022,$4.87,2183568,$4.99,$5.04,$4.83
04/14/2022,$4.99,2527301,$5.11,$5.15,$4.95
04/13/2022,$5.16,3033252,$5.17,$5.25,$5.005
04/12/2022,$5.07,1319366,$5.31,$5.47,$5.05
04/11/2022,$5.18,1304396,$5.18,$5.37,$5.08
04/08/2022,$5.25,1375398,$5.45,$5.45,$5.25
04/07/2022,$5.39,1647892,$5.55,$5.61,$5.265
04/06/2022,$5.57,2259174,$5.68,$5.70,$5.42
04/05/2022,$5.80,2662439,$6.19,$6.24,$5.75
04/04/2022,$6.19,4209026,$5.51,$6.25,$5.46
04/01/2022,$5.43,2364824,$5.65,$5.65,$5.42
03/31/2022,$5.52,2114455,$5.89,$5.91,$5.52
03/30/2022,$5.84,2554590,$5.98,$6.12,$5.775
03/29/2022,$6.02,4027027,$5.69,$6.05,$5.66
03/28/2022,$5.57,1860426,$5.67,$5.67,$5.35
03/25/2022,$5.52,2435339,$5.91,$5.96,$5.43
03/24/2022,$5.96,2038313,$5.93,$6.10,$5.76
03/23/2022,$5.78,1767494,$5.87,$5.9713,$5.70
03/22/2022,$5.98,1935427,$5.91,$6.08,$5.81
03/21/2022,$5.87,1769813,$6.10,$6.10,$5.745
03/18/2022,$6.07,2553244,$5.84,$6.2092,$5.831
03/17/2022,$5.87,1618941,$5.71,$5.93,$5.6012
03/16/2022,$5.76,2294516,$5.68,$5.83,$5.495
03/15/2022,$5.57,2472747,$5.24,$5.61,$5.10
03/14/2022,$5.18,2882175,$5.55,$5.56,$5.15
03/11/2022,$5.71,1740757,$5.87,$5.88,$5.47
03/10/2022,$5.81,1854572,$5.61,$5.815,$5.4923
03/09/2022,$5.84,3980888,$5.29,$5.85,$5.24
03/08/2022,$5.04,2617817,$4.96,$5.25,$4.81
03/07/2022,$4.95,2221843,$4.95,$5.17,$4.89
03/04/2022,$4.91,3145116,$5.20,$5.30,$4.83
03/03/2022,$5.23,2796564,$5.59,$5.6199,$5.11
03/02/2022,$5.59,2077062,$5.56,$5.605,$5.28
03/01/2022,$5.47,3717519,$5.31,$5.78,$5.31
02/28/2022,$5.74,3091651,$5.72,$5.8399,$5.54
02/25/2022,$5.75,2526953,$5.78,$5.815,$5.46
02/24/2022,$5.69,2857763,$4.92,$5.71,$4.90
02/23/2022,$5.13,2009874,$5.53,$5.57,$5.12
02/22/2022,$5.39,2610201,$5.603,$5.775,$5.305
02/18/2022,$5.69,2331428,$6.1005,$6.1283,$5.61
02/17/2022,$6.02,2293294,$6.11,$6.42,$6.00
02/16/2022,$6.25,1710859,$6.17,$6.28,$6.0601
02/15/2022,$6.22,1969616,$6.09,$6.295,$6.00
02/14/2022,$5.95,4511624,$5.80,$6.36,$5.77
02/11/2022,$5.85,2689953,$6.06,$6.23,$5.76
02/10/2022,$6.05,2261530,$6.08,$6.44,$5.985
02/09/2022,$6.34,1879907,$6.22,$6.34,$6.0599
02/08/2022,$6.14,1902700,$5.85,$6.189,$5.78
02/07/2022,$5.85,1696536,$5.89,$6.155,$5.78
02/04/2022,$5.85,2307404,$5.66,$5.97,$5.55
02/03/2022,$5.62,2137409,$5.80,$5.9411,$5.62
02/02/2022,$5.94,3002882,$6.37,$6.37,$5.78
02/01/2022,$6.33,2756720,$6.17,$6.46,$6.04
01/31/2022,$6.12,3026847,$5.45,$6.14,$5.43
01/28/2022,$5.39,3283015,$5.27,$5.405,$5.03
01/27/2022,$5.27,4214448,$5.848,$5.85,$5.20
01/26/2022,$5.77,5221229,$5.915,$6.352,$5.73
01/25/2022,$5.61,3371563,$5.48,$5.745,$5.26
01/24/2022,$5.63,6325178,$5.475,$5.67,$4.97
01/21/2022,$5.54,5950460,$5.97,$5.99,$5.54
01/20/2022,$5.93,2862523,$6.18,$6.35,$5.895
01/19/2022,$6.02,3206644,$6.39,$6.4144,$6.01
01/18/2022,$6.30,3318352,$6.613,$6.655,$6.29
01/14/2022,$6.74,2765944,$6.85,$6.995,$6.52
01/13/2022,$6.86,2136866,$7.19,$7.25,$6.80
01/12/2022,$7.16,1407754,$7.30,$7.41,$7.11
01/11/2022,$7.25,2930342,$6.84,$7.38,$6.72
01/10/2022,$6.85,3451575,$6.94,$7.0099,$6.56
01/07/2022,$7.00,2757905,$7.02,$7.33,$6.90
01/06/2022,$6.98,4312357,$7.43,$7.43,$6.94
01/05/2022,$7.29,4277008,$7.75,$7.875,$7.13
01/04/2022,$7.75,3278540,$8.17,$8.2178,$7.55
01/03/2022,$8.11,2533141,$7.94,$8.24,$7.85
12/31/2021,$7.72,2306004,$8.06,$8.235,$7.705
12/30/2021,$8.10,5526782,$7.66,$8.275,$7.59
12/29/2021,$7.66,2894208,$7.99,$8.02,$7.57
12/28/2021,$8.00,2880441,$8.23,$8.41,$7.95
12/27/2021,$8.34,2554892,$8.47,$8.54,$8.235
12/23/2021,$8.51,2399459,$8.35,$8.68,$8.12
12/22/2021,$8.36,2550231,$8.52,$8.725,$8.20
12/21/2021,$8.52,3175397,$8.53,$8.60,$8.12
12/20/2021,$8.45,2614212,$8.54,$8.725,$8.30
12/17/2021,$8.94,4702687,$8.43,$9.155,$8.08
12/16/2021,$8.42,6626014,$9.19,$9.47,$8.365
12/15/2021,$8.64,4337483,$8.63,$8.77,$8.07
12/14/2021,$8.64,3998090,$8.76,$9.00,$8.39
12/13/2021,$9.08,3775819,$9.36,$9.53,$8.885
12/10/2021,$9.36,2960900,$9.52,$9.84,$9.285
12/09/2021,$9.44,3096609,$10.00,$10.12,$9.41
12/08/2021,$10.17,2651561,$10.00,$10.48,$9.76
12/07/2021,$9.94,3332448,$10.121,$10.23,$9.835
12/06/2021,$9.70,5413784,$9.82,$10.2609,$9.26
12/03/2021,$10.19,6565534,$11.25,$11.34,$10.09
12/02/2021,$11.40,8362467,$10.83,$11.51,$10.48
12/01/2021,$11.31,6743822,$12.24,$12.42,$11.05
11/30/2021,$11.97,10938840,$12.641,$12.72,$11.40
11/29/2021,$12.89,14551170,$12.50,$13.35,$11.86
11/26/2021,$12.22,6890960,$11.40,$12.305,$11.30
11/24/2021,$12.38,14209830,$11.16,$12.44,$11.12
11/23/2021,$11.54,11568430,$11.29,$11.60,$10.42
11/22/2021,$11.43,23238620,$10.10,$11.84,$10.03
11/19/2021,$10.02,6858514,$9.941,$10.27,$9.79
11/18/2021,$9.69,13625750,$10.35,$10.59,$9.101
11/17/2021,$10.80,70688040,$12.00,$12.64,$10.06
11/16/2021,$10.45,20073950,$8.58,$10.55,$8.50
11/15/2021,$8.45,2294501,$8.57,$8.61,$8.17
11/12/2021,$8.59,1293213,$8.70,$8.76,$8.45
11/11/2021,$8.49,1913592,$8.25,$8.5953,$8.021
11/10/2021,$8.05,3332972,$8.23,$8.7912,$7.90
11/09/2021,$8.51,3060589,$9.37,$9.38,$8.3189
11/08/2021,$9.08,3881910,$8.81,$9.27,$8.7006
11/05/2021,$8.56,2127564,$8.42,$8.71,$8.3144
11/04/2021,$8.34,1156440,$8.58,$8.6465,$8.27
11/03/2021,$8.47,1763127,$8.30,$8.67,$8.248
11/02/2021,$8.32,1622139,$8.36,$8.39,$7.98
11/01/2021,$8.37,3024175,$8.11,$8.50,$8.10
10/29/2021,$8.02,1969170,$7.98,$8.31,$7.92
10/28/2021,$7.98,3270890,$7.40,$8.15,$7.40
10/27/2021,$7.35,1098862,$7.61,$7.78,$7.30
10/26/2021,$7.60,2224458,$7.47,$7.905,$7.47
10/25/2021,$7.47,2916775,$7.16,$7.64,$7.085
10/22/2021,$6.99,1579942,$7.30,$7.3719,$6.93
10/21/2021,$7.37,2107999,$7.109,$7.40,$7.059
10/20/2021,$7.13,826018,$7.25,$7.25,$7.05
10/19/2021,$7.21,1132258,$7.09,$7.25,$7.04
10/18/2021,$7.06,1693561,$6.8535,$7.1999,$6.85
10/15/2021,$7.28,1648409,$7.31,$7.36,$7.11
10/14/2021,$7.20,1948261,$7.23,$7.32,$6.985
10/13/2021,$7.22,1564368,$7.03,$7.26,$6.98
10/12/2021,$6.96,1866106,$6.63,$7.01,$6.6184
10/11/2021,$6.63,1736841,$6.5871,$6.8323,$6.442
10/08/2021,$6.47,1916539,$6.69,$6.74,$6.45
10/07/2021,$6.64,1794212,$6.77,$6.89,$6.6175
10/06/2021,$6.65,2009983,$6.73,$6.89,$6.57
10/05/2021,$6.87,2194303,$6.89,$7.025,$6.78
10/04/2021,$6.81,2627273,$7.15,$7.18,$6.68
10/01/2021,$7.18,3012301,$7.68,$7.77,$7.12
09/30/2021,$7.69,2710860,$7.56,$7.78,$7.365
09/29/2021,$7.43,6242574,$7.84,$8.40,$7.37
09/28/2021,$7.68,4365605,$8.10,$8.48,$7.65
09/27/2021,$8.32,10786870,$8.92,$9.21,$8.01
09/24/2021,$9.04,25594190,$7.69,$9.17,$7.57
09/23/2021,$7.42,12507470,$6.82,$7.86,$6.82
09/22/2021,$6.55,5560756,$6.7166,$6.7166,$6.29
09/21/2021,$6.69,4053774,$6.80,$6.92,$6.43
09/20/2021,$6.78,3342009,$6.49,$6.83,$6.43
09/17/2021,$6.83,5667283,$6.69,$7.045,$6.69
09/16/2021,$6.68,1849254,$6.77,$6.80,$6.65
09/15/2021,$6.87,1896341,$6.86,$6.98,$6.75
09/14/2021,$6.88,1612622,$7.06,$7.19,$6.79
09/13/2021,$7.00,1704145,$6.91,$7.19,$6.765
09/10/2021,$6.86,2360053,$7.35,$7.40,$6.85
09/09/2021,$7.23,1652588,$7.33,$7.4316,$7.14
09/08/2021,$7.33,2479373,$7.80,$7.80,$7.09
09/07/2021,$7.80,3489278,$7.7912,$8.22,$7.7201
09/03/2021,$7.61,3419246,$7.65,$8.05,$7.569
09/02/2021,$7.72,2777165,$7.38,$7.85,$7.37
09/01/2021,$7.38,2526271,$7.10,$7.512,$7.07
08/31/2021,$7.21,1664581,$7.093,$7.26,$7.03
08/30/2021,$7.12,2022394,$7.41,$7.41,$6.98
08/27/2021,$7.36,3545369,$7.68,$7.77,$7.20
08/26/2021,$7.65,3374704,$7.507,$8.07,$7.40
08/25/2021,$7.50,4204608,$7.37,$7.96,$7.35
08/24/2021,$7.56,7224182,$7.42,$7.58,$6.92
08/23/2021,$7.79,15690380,$6.14,$7.87,$6.10
08/20/2021,$5.91,2383633,$5.80,$6.18,$5.79
08/19/2021,$5.83,3907327,$6.08,$6.12,$5.75
08/18/2021,$6.15,2520885,$6.501,$6.53,$6.12
08/17/2021,$6.35,2979923,$6.55,$6.55,$6.1477
08/16/2021,$6.57,3436089,$7.00,$7.05,$6.55
08/13/2021,$7.02,2729391,$7.69,$7.74,$7.01
08/12/2021,$7.64,1772363,$7.95,$7.95,$7.56
08/11/2021,$7.94,1188276,$8.00,$8.07,$7.81
08/10/2021,$7.99,1698673,$8.107,$8.27,$7.90
08/09/2021,$7.98,1652871,$7.99,$8.25,$7.95
08/06/2021,$8.01,807339,$8.00,$8.11,$7.90
08/05/2021,$7.95,1305427,$7.63,$8.11,$7.615
08/04/2021,$7.63,1215744,$7.77,$8.04,$7.62
08/03/2021,$7.84,1063099,$8.12,$8.12,$7.7721
08/02/2021,$7.99,1199829,$8.25,$8.25,$7.973
07/30/2021,$8.13,1090845,$8.05,$8.31,$7.99
07/29/2021,$8.12,1372125,$8.40,$8.42,$8.12
07/28/2021,$8.38,1212482,$8.133,$8.46,$8.07
07/27/2021,$8.09,1755730,$8.35,$8.35,$7.92
07/26/2021,$8.35,1402131,$8.13,$8.67,$8.037
07/23/2021,$8.20,976939,$8.40,$8.467,$8.09
07/22/2021,$8.44,978409,$8.85,$8.87,$8.41
07/21/2021,$8.74,1213174,$8.42,$8.79,$8.35
07/20/2021,$8.51,1252156,$8.35,$8.64,$8.10
07/19/2021,$8.33,1613692,$8.23,$8.41,$7.9365
07/16/2021,$8.49,1208577,$8.82,$8.84,$8.45
07/15/2021,$8.82,1784916,$8.72,$9.40,$8.6097
07/14/2021,$8.71,1530848,$9.05,$9.195,$8.67
07/13/2021,$8.97,1206197,$9.08,$9.15,$8.79
07/12/2021,$9.11,1216406,$9.02,$9.2287,$8.7523
07/09/2021,$9.01,1029895,$8.88,$9.05,$8.70
07/08/2021,$8.83,1351861,$8.48,$8.86,$8.4135
07/07/2021,$8.81,2256943,$9.12,$9.13,$8.54
07/06/2021,$9.12,1634591,$9.2475,$9.2834,$8.93
07/02/2021,$9.08,2245774,$9.50,$9.6863,$9.04
07/01/2021,$9.47,2503933,$10.07,$10.1198,$9.45
06/30/2021,$9.94,4134769,$9.77,$10.31,$9.65
06/29/2021,$9.82,5599966,$9.883,$10.21,$9.64
06/28/2021,$9.82,2761091,$9.772,$9.928,$9.58
06/25/2021,$9.67,13365570,$9.82,$9.99,$9.61
06/24/2021,$9.82,3132033,$10.01,$10.1478,$9.66
06/23/2021,$10.00,3278132,$9.589,$10.08,$9.55
06/22/2021,$9.48,3371138,$9.527,$9.62,$9.13
06/21/2021,$9.47,5216859,$9.78,$9.8996,$9.325
06/18/2021,$9.97,6351994,$9.99,$10.35,$9.83
06/17/2021,$9.93,7327309,$10.33,$10.6472,$9.61
06/16/2021,$10.20,9777333,$10.72,$11.04,$9.83
06/15/2021,$11.05,31953260,$9.45,$11.40,$9.3889
06/14/2021,$9.46,2497506,$9.65,$10.00,$9.40
06/11/2021,$9.70,3378627,$9.84,$9.96,$9.35
06/10/2021,$9.76,5804178,$9.97,$10.23,$9.26
06/09/2021,$10.04,13536910,$12.09,$12.185,$9.81
06/08/2021,$10.71,26470150,$9.03,$11.92,$9.03
06/07/2021,$8.90,3125810,$8.87,$9.17,$8.61
06/04/2021,$8.68,3004053,$9.01,$9.11,$8.5615
06/03/2021,$8.91,5735044,$8.81,$9.2697,$8.50
06/02/2021,$8.85,5673866,$8.21,$9.00,$8.06
06/01/2021,$8.15,1660650,$8.00,$8.22,$7.83
05/28/2021,$7.92,1886531,$8.20,$8.45,$7.90
05/27/2021,$8.20,4315903,$7.95,$8.24,$7.81
05/26/2021,$7.90,2332106,$7.548,$8.10,$7.52
05/25/2021,$7.55,1898922,$7.70,$7.79,$7.4201
05/24/2021,$7.74,2153921,$8.10,$8.228,$7.56
05/21/2021,$7.66,1957600,$7.78,$7.91,$7.61
05/20/2021,$7.73,1897001,$7.76,$7.81,$7.53
05/19/2021,$7.77,2501275,$7.30,$7.81,$7.18
05/18/2021,$7.59,6107963,$7.70,$7.92,$7.08
05/17/2021,$7.55,2838597,$7.37,$7.96,$7.27
05/14/2021,$7.30,1669514,$7.33,$7.58,$7.18
05/13/2021,$7.13,2006611,$7.42,$7.77,$7.05
05/12/2021,$7.37,2132270,$7.51,$7.74,$7.22
05/11/2021,$7.92,4318298,$6.859,$8.01,$6.51
05/10/2021,$7.09,2855984,$7.64,$7.72,$7.00
05/07/2021,$7.73,2857151,$7.49,$8.02,$7.32
05/06/2021,$7.385,3297188,$7.9669,$7.9929,$7.235
05/05/2021,$8.025,1469826,$8.09,$8.18,$7.96
05/04/2021,$8.11,2266983,$8.30,$8.38,$7.9515
05/03/2021,$8.40,1680972,$8.92,$8.94,$8.29
04/30/2021,$8.82,1485086,$8.89,$9.16,$8.67
04/29/2021,$9.11,1905190,$9.39,$9.5299,$8.8918
04/28/2021,$9.49,2726577,$8.83,$9.54,$8.77
04/27/2021,$8.98,1334643,$9.103,$9.12,$8.82
04/26/2021,$8.97,1976979,$8.85,$9.18,$8.61
04/23/2021,$8.71,1935246,$8.40,$8.89,$8.32
04/22/2021,$8.44,3421074,$8.57,$8.84,$8.2617
04/21/2021,$8.61,4982679,$7.50,$8.65,$7.33
04/20/2021,$7.65,5230842,$7.95,$8.03,$7.50
04/19/2021,$8.28,3289828,$8.18,$8.53,$8.06
04/16/2021,$8.21,3521922,$8.31,$8.43,$8.12
04/15/2021,$8.36,6129668,$9.02,$9.09,$8.2001
04/14/2021,$9.16,2724955,$9.00,$9.33,$8.92
04/13/2021,$9.19,4529722,$8.94,$9.25,$8.51
04/12/2021,$8.94,4475284,$9.74,$9.74,$8.79
04/09/2021,$9.77,3993202,$10.02,$10.18,$9.54
04/08/2021,$10.33,6323271,$9.88,$10.38,$9.71
04/07/2021,$9.53,10471040,$9.06,$10.65,$8.92
04/06/2021,$9.26,7927771,$8.36,$9.40,$8.32
04/05/2021,$8.47,12313050,$9.16,$9.16,$8.05
04/01/2021,$8.99,7911435,$9.30,$9.63,$8.96
03/31/2021,$9.03,12981120,$9.55,$9.60,$8.96
03/30/2021,$9.30,36310330,$9.64,$9.78,$8.5201
03/29/2021,$11.80,5294625,$12.46,$12.54,$11.65
03/26/2021,$12.46,3627486,$12.85,$13.28,$11.89
03/25/2021,$12.80,4136272,$12.40,$12.98,$12.00
03/24/2021,$12.985,5065171,$15.00,$15.00,$12.98
03/23/2021,$14.77,5309039,$15.08,$15.39,$14.66
03/22/2021,$15.31,5366750,$15.66,$15.85,$14.90
03/19/2021,$15.38,13728830,$15.50,$15.69,$14.88
03/18/2021,$15.35,6447251,$15.20,$16.21,$15.04
03/17/2021,$15.64,8931821,$14.77,$16.13,$14.6535
03/16/2021,$15.44,7610877,$15.80,$16.68,$15.07
03/15/2021,$15.70,8129821,$15.449,$16.30,$15.04
03/12/2021,$14.82,13103470,$15.09,$16.00,$14.15
03/11/2021,$14.67,8150432,$13.20,$14.84,$13.15
03/10/2021,$12.89,4253929,$12.61,$13.47,$12.44
03/09/2021,$12.22,3908438,$11.654,$12.47,$11.58
03/08/2021,$11.13,3015011,$11.26,$12.15,$11.03
03/05/2021,$11.18,6033987,$11.60,$11.74,$9.68
03/04/2021,$11.43,5208170,$12.888,$13.035,$10.90
03/03/2021,$13.03,3387286,$14.06,$14.07,$12.92
03/02/2021,$13.88,2114819,$14.13,$14.25,$13.66
03/01/2021,$14.27,4383550,$13.28,$14.65,$13.01
02/26/2021,$12.86,4107322,$13.30,$13.6162,$12.75
02/25/2021,$13.52,2724963,$14.10,$14.6399,$13.31
02/24/2021,$14.21,3255405,$13.52,$14.30,$13.3571
02/23/2021,$13.17,5812803,$13.50,$13.79,$12.50
02/22/2021,$14.66,3349077,$15.08,$15.29,$14.60
02/19/2021,$15.31,3165952,$15.77,$15.98,$15.23
02/18/2021,$15.70,3569072,$16.04,$16.18,$15.46
02/17/2021,$16.44,3283357,$16.60,$16.66,$15.93
02/16/2021,$16.69,3378281,$17.00,$17.00,$16.38
02/12/2021,$16.68,3173523,$16.23,$17.13,$15.87
02/11/2021,$16.22,2621692,$16.55,$16.59,$16.00
02/10/2021,$16.52,4012253,$16.887,$17.23,$15.64
02/09/2021,$16.82,4745010,$17.0499,$17.2999,$16.43
02/08/2021,$17.01,6509258,$17.09,$17.46,$16.5285
02/05/2021,$17.63,7838606,$18.76,$18.80,$17.43
02/04/2021,$18.85,15283450,$17.77,$18.88,$17.17
02/03/2021,$16.40,6860628,$16.11,$17.25,$16.11
02/02/2021,$15.77,3040100,$16.255,$16.30,$15.60
02/01/2021,$15.50,3914786,$15.23,$16.19,$14.5401
01/29/2021,$15.07,5120977,$15.10,$15.60,$14.8001
01/28/2021,$15.47,3354722,$15.30,$15.77,$14.90
01/27/2021,$15.14,5112123,$15.572,$16.20,$14.80
01/26/2021,$16.21,5332088,$16.30,$16.37,$15.85
01/25/2021,$16.80,4354036,$17.00,$17.17,$15.65
01/22/2021,$17.00,2785668,$17.06,$17.09,$16.67
01/21/2021,$17.12,3340330,$17.89,$17.95,$16.85
01/20/2021,$17.36,4421560,$16.9465,$17.9675,$16.75
01/19/2021,$16.68,4957969,$17.188,$17.37,$16.02
01/15/2021,$16.90,4483514,$17.45,$17.88,$16.71
01/14/2021,$17.44,10442310,$19.34,$19.40,$17.36
01/13/2021,$19.00,21796710,$19.92,$20.00,$17.83
01/12/2021,$16.72,7012387,$16.40,$16.95,$16.15
01/11/2021,$17.05,7824609,$15.695,$17.20,$15.48
01/08/2021,$15.00,6174651,$15.40,$15.50,$14.11
01/07/2021,$14.19,3765232,$14.49,$14.77,$13.94
01/06/2021,$14.04,5660473,$14.38,$15.09,$13.70
01/05/2021,$14.09,7337016,$13.80,$14.42,$13.40
01/04/2021,$12.50,7605492,$13.83,$13.85,$12.00
12/31/2020,$13.80,4835496,$14.50,$14.59,$13.52
12/30/2020,$14.32,5130817,$14.51,$15.75,$14.29
12/29/2020,$14.63,5897331,$15.29,$15.33,$14.03
12/28/2020,$15.39,9098627,$17.10,$17.10,$15.30
12/24/2020,$17.81,6449216,$19.65,$19.70,$17.25
12/23/2020,$19.40,8505727,$20.19,$20.40,$19.00
12/22/2020,$18.89,13287760,$22.75,$24.90,$18.10
12/21/2020,$19.49,4401252,$19.20,$20.28,$18.90
12/18/2020,$19.29,3959310,$19.00,$19.82,$18.20
12/17/2020,$18.90,6917097,$19.20,$20.49,$17.88
12/16/2020,$19.92,3978617,$18.828,$20.30,$17.76
12/15/2020,$18.02,4997000,$19.145,$19.16,$16.61
12/14/2020,$19.34,3481357,$20.85,$20.85,$18.64
12/11/2020,$20.28,5836993,$21.57,$21.57,$18.9101
12/10/2020,$22.00,6493442,$19.07,$22.43,$18.57
12/09/2020,$20.00,8041245,$19.02,$20.93,$18.51
12/08/2020,$17.93,6056991,$17.89,$18.99,$16.82
12/07/2020,$18.20,18521700,$17.31,$18.56,$16.50
12/04/2020,$13.45,6089186,$12.50,$13.50,$12.4978
12/03/2020,$12.17,1421772,$12.20,$12.50,$12.00
12/02/2020,$11.82,2097492,$11.51,$12.10,$11.17
12/01/2020,$12.48,2597699,$13.462,$13.49,$11.93
11/30/2020,$13.00,5591111,$13.50,$14.49,$12.39
11/27/2020,$12.56,3460591,$12.32,$12.82,$12.13
11/25/2020,$11.52,2210884,$11.10,$11.58,$11.01
11/24/2020,$11.19,3759817,$11.67,$12.30,$11.00
11/23/2020,$11.30,4030370,$10.90,$11.56,$10.90
11/20/2020,$10.70,1281594,$10.8034,$10.8356,$10.55
11/19/2020,$10.71,2977679,$10.45,$10.89,$10.43
11/18/2020,$10.37,1285149,$10.30,$10.48,$10.28
11/17/2020,$10.25,457216,$10.26,$10.30,$10.25
11/16/2020,$10.25,848182,$10.30,$10.3214,$10.23
11/13/2020,$10.27,504275,$10.30,$10.30,$10.235
11/12/2020,$10.23,323170,$10.23,$10.28,$10.23
11/11/2020,$10.25,303271,$10.29,$10.295,$10.23
11/10/2020,$10.23,325630,$10.30,$10.31,$10.23
11/09/2020,$10.30,1762776,$10.33,$10.33,$10.22
11/06/2020,$10.27,229197,$10.23,$10.29,$10.23
11/05/2020,$10.23,402275,$10.24,$10.33,$10.22
11/04/2020,$10.23,346036,$10.24,$10.3201,$10.23
11/03/2020,$10.23,226527,$10.24,$10.30,$10.22
11/02/2020,$10.23,281834,$10.25,$10.30,$10.22
10/30/2020,$10.25,402526,$10.23,$10.27,$10.20
10/29/2020,$10.24,252785,$10.22,$10.34,$10.22
10/28/2020,$10.31,641126,$10.29,$10.31,$10.18
10/27/2020,$10.31,520818,$10.32,$10.40,$10.31
10/26/2020,$10.34,520250,$10.33,$10.36,$10.32
10/23/2020,$10.35,330463,$10.40,$10.40,$10.33
10/22/2020,$10.41,941792,$10.35,$10.47,$10.315
10/21/2020,$10.35,437272,$10.37,$10.41,$10.35
10/20/2020,$10.38,440468,$10.53,$10.53,$10.38
10/19/2020,$10.55,514687,$10.36,$10.55,$10.36
10/16/2020,$10.41,331144,$10.34,$10.45,$10.34
10/15/2020,$10.38,266225,$10.44,$10.45,$10.32
10/14/2020,$10.45,344046,$10.45,$10.46,$10.33
10/13/2020,$10.40,873703,$10.49,$10.4958,$10.30
10/12/2020,$10.46,784848,$10.53,$10.62,$10.445
10/09/2020,$10.60,466384,$10.77,$10.79,$10.545
10/08/2020,$10.67,538575,$10.45,$10.68,$10.45
10/07/2020,$10.51,790971,$10.52,$10.60,$10.42
10/06/2020,$10.56,1447069,$10.74,$10.80,$10.39
10/05/2020,$10.77,1021139,$10.98,$11.07,$10.65
10/02/2020,$10.98,808205,$10.73,$11.15,$10.71
10/01/2020,$11.13,850837,$11.12,$11.20,$10.82
09/30/2020,$11.14,604510,$11.25,$11.25,$11.06
09/29/2020,$11.17,538837,$11.17,$11.2499,$11.05
09/28/2020,$11.30,748341,$11.33,$11.3922,$11.03
09/25/2020,$11.20,1092806,$11.119,$11.20,$11.00
09/24/2020,$10.96,1947131,$10.81,$11.28,$10.57
09/23/2020,$11.11,2367790,$11.90,$11.9309,$10.90
09/22/2020,$11.90,1284203,$11.84,$12.23,$11.50
09/21/2020,$11.64,1858540,$11.90,$11.98,$11.41
09/18/2020,$12.20,1347163,$12.50,$12.5899,$11.85
09/17/2020,$12.40,1216342,$12.57,$12.8378,$12.15
09/16/2020,$12.80,1859251,$13.271,$13.44,$12.60
09/15/2020,$13.00,3515532,$12.92,$13.50,$12.8101
09/14/2020,$12.71,4885863,$11.95,$13.10,$11.86
09/11/2020,$11.59,2628372,$11.16,$11.99,$11.11
09/10/2020,$11.15,1323989,$11.23,$11.2402,$11.00
09/09/2020,$11.06,1383867,$11.15,$11.23,$10.77
09/08/2020,$11.00,1537210,$10.755,$11.25,$10.74
09/04/2020,$10.78,1357370,$10.72,$10.88,$10.46
09/03/2020,$10.80,1114699,$10.95,$10.96,$10.60
09/02/2020,$10.95,2412398,$10.81,$11.09,$10.80
09/01/2020,$10.69,1286866,$10.90,$10.90,$10.54
08/31/2020,$10.79,913437,$10.96,$10.97,$10.73
08/28/2020,$10.85,912320,$10.99,$10.99,$10.80
08/27/2020,$10.94,1867464,$11.00,$11.06,$10.74
08/26/2020,$10.98,1859308,$11.00,$11.20,$10.83
08/25/2020,$10.85,2601496,$10.79,$11.00,$10.68
08/24/2020,$10.61,1839565,$10.49,$10.858,$10.46
08/21/2020,$10.43,1620013,$10.46,$10.51,$10.37
08/20/2020,$10.45,1083372,$10.50,$10.52,$10.39
08/19/2020,$10.48,2506902,$10.60,$10.60,$10.35
08/18/2020,$10.49,9637192,$10.81,$10.99,$10.44
08/17/2020,$10.68,261350,$10.85,$10.85,$10.6166
08/14/2020,$10.79,261071,$10.80,$10.8999,$10.74
08/13/2020,$10.80,235235,$10.80,$10.92,$10.77
08/12/2020,$10.85,332300,$11.00,$11.00,$10.77
08/11/2020,$10.98,475019,$10.90,$11.00,$10.74
08/10/2020,$10.79,1940411,$11.19,$11.25,$10.55
08/07/2020,$11.13,341022,$11.19,$11.31,$11.08
08/06/2020,$11.38,408016,$11.40,$11.40,$11.00
08/05/2020,$11.40,352942,$11.60,$11.65,$11.21
08/04/2020,$11.50,2199365,$11.45,$11.69,$11.08
08/03/2020,$10.88,617682,$11.08,$11.10,$10.65
07/31/2020,$10.90,774790,$11.20,$11.20,$10.60
07/30/2020,$11.17,522636,$11.19,$11.40,$11.07
07/29/2020,$11.52,866716,$11.27,$11.57,$11.11
07/28/2020,$11.30,276883,$11.52,$11.52,$11.15
07/27/2020,$11.38,421110,$11.72,$11.80,$11.31
07/24/2020,$11.65,609535,$11.52,$11.90,$11.5021
07/23/2020,$11.93,4764783,$12.05,$12.40,$11.70
07/22/2020,$11.10,443147,$11.10,$11.18,$10.9701
07/21/2020,$11.06,176894,$11.08,$11.10,$11.00
07/20/2020,$11.015,435190,$11.15,$11.18,$10.90
07/17/2020,$11.00,182765,$11.10,$11.10,$10.87
07/16/2020,$10.98,587514,$11.07,$11.07,$10.80
07/15/2020,$11.03,353945,$11.00,$11.05,$10.84
07/14/2020,$10.98,310055,$11.03,$11.23,$10.51
07/13/2020,$11.03,301334,$11.20,$11.295,$10.95
07/10/2020,$11.10,597192,$11.04,$11.10,$11.00
07/09/2020,$10.98,703017,$10.65,$11.00,$10.65
07/08/2020,$10.66,440682,$10.74,$10.75,$10.50
07/07/2020,$10.65,159973,$10.61,$10.76,$10.555
07/06/2020,$10.75,199619,$10.85,$10.85,$10.61
07/02/2020,$10.75,63218,$10.89,$10.89,$10.65
07/01/2020,$10.85,76876,$10.85,$10.90,$10.74
06/30/2020,$10.75,54817,$10.4135,$10.83,$10.41
06/29/2020,$10.5999,773120,$10.50,$10.72,$10.45
06/26/2020,$10.445,231482,$10.445,$10.47,$10.42
06/25/2020,$10.41,17452,$10.50,$10.50,$10.41
06/24/2020,$10.45,216829,$10.46,$10.46,$10.425
06/23/2020,$10.60,5581,$10.60,$10.651,$10.60
06/22/2020,$10.635,39791,$10.65,$10.65,$10.59
06/19/2020,$10.59,80573,$10.60,$10.795,$10.50
06/18/2020,$10.545,160390,$10.40,$10.6428,$10.40
06/17/2020,$10.40,92342,$10.425,$10.505,$10.36
06/16/2020,$10.40,N/A,$10.40,$10.40,$10.40
06/15/2020,$10.40,2344,$10.35,$10.40,$10.35
06/12/2020,$10.40,14208,$10.29,$10.45,$10.29
06/11/2020,$10.35,90644,$10.29,$10.44,$10.29
06/10/2020,$10.29,781174,$10.32,$10.32,$10.29
06/09/2020,$10.35,126784,$10.29,$10.45,$10.29
06/08/2020,$10.29,N/A,$10.29,$10.29,$10.29
06/05/2020,$10.29,155809,$10.30,$10.35,$10.28
06/04/2020,$10.2601,2642,$10.2601,$10.2601,$10.2601
06/03/2020,$10.2601,1090,$10.26,$10.2601,$10.26
06/02/2020,$10.30,86618,$10.27,$10.30,$10.27
06/01/2020,$10.25,200146,$10.25,$10.25,$10.25
05/29/2020,$10.2201,N/A,$10.2201,$10.2201,$10.2201
05/28/2020,$10.2201,501,$10.2201,$10.2201,$10.2201
05/27/2020,$10.3499,N/A,$10.3499,$10.3499,$10.3499
05/26/2020,$10.3499,4451,$10.62,$10.62,$10.3343
05/22/2020,$10.24,108185,$10.50,$11.55,$10.23
05/21/2020,$10.225,N/A,$10.225,$10.225,$10.225
05/20/2020,$10.225,30891,$10.20,$10.245,$10.20
05/19/2020,$10.20,53261,$10.21,$10.21,$10.20
05/18/2020,$10.20,1902,$10.18,$10.20,$10.18
05/15/2020,$10.17,N/A,$10.17,$10.17,$10.17
05/14/2020,$10.17,1254,$10.16,$10.17,$10.16
05/13/2020,$10.15,4055,$10.17,$10.17,$10.15
05/12/2020,$10.18,205,$10.18,$10.18,$10.18
05/11/2020,$10.15,65401,$10.16,$10.16,$10.15
05/08/2020,$10.155,N/A,$10.155,$10.155,$10.155
05/07/2020,$10.155,26360,$10.155,$10.22,$10.15
05/06/2020,$10.16,109020,$10.16,$10.16,$10.13
05/05/2020,$10.15,2261,$10.15,$10.15,$10.15
05/04/2020,$10.15,N/A,$10.15,$10.15,$10.15
05/01/2020,$10.15,N/A,$10.15,$10.15,$10.15
04/30/2020,$10.15,N/A,$10.15,$10.15,$10.15
04/29/2020,$10.15,N/A,$10.15,$10.15,$10.15
04/28/2020,$10.15,846,$10.15,$10.15,$10.15
04/27/2020,$10.15,27041,$10.15,$10.16,$10.15
04/24/2020,$10.14,1308,$10.14,$10.24,$10.13
04/23/2020,$10.16,247725,$10.17,$10.17,$10.15
04/22/2020,$10.1501,N/A,$10.1501,$10.1501,$10.1501
04/21/2020,$10.1501,N/A,$10.1501,$10.1501,$10.1501
04/20/2020,$10.1501,502,$10.1501,$10.1501,$10.1501
04/17/2020,$10.15,104109,$10.15,$10.17,$10.14
04/16/2020,$10.15,649850,$10.15,$10.30,$10.14
04/15/2020,$10.14,102853,$10.14,$10.16,$10.10
04/14/2020,$10.12,1382,$10.14,$10.14,$10.12
04/13/2020,$10.11,342,$10.11,$10.11,$10.11
04/09/2020,$10.10,13931,$10.10,$10.14,$10.10
04/08/2020,$10.13,11793,$10.12,$10.15,$10.12
04/07/2020,$10.08,9621,$10.08,$10.08,$10.08
04/06/2020,$10.11,37121,$10.09,$10.13,$10.09
04/03/2020,$10.11,242844,$10.11,$10.13,$10.06
04/02/2020,$10.08,36366,$10.11,$10.12,$10.08
04/01/2020,$10.10,6957,$10.11,$10.13,$10.08
03/31/2020,$10.11,808,$10.13,$10.13,$10.11
03/30/2020,$10.13,1485,$10.10,$10.14,$10.10
03/27/2020,$10.08,24142,$9.95,$10.15,$9.95
03/26/2020,$10.15,5125,$10.25,$10.25,$10.04
03/25/2020,$10.01,52987,$9.98,$10.16,$9.95
03/24/2020,$9.98,123322,$9.92,$9.98,$9.92
03/23/2020,$9.91,77925,$9.95,$9.96,$9.89
03/20/2020,$9.96,50100,$9.96,$9.96,$9.96
03/19/2020,$9.82,1368,$9.80,$9.82,$9.75
03/18/2020,$9.75,611300,$9.95,$10.19,$9.21
03/17/2020,$10.19,266200,$9.95,$10.30,$9.95
03/16/2020,$10.10,N/A,$10.10,$10.10,$10.10
03/13/2020,$10.10,1301530,$10.225,$10.26,$10.10
03/12/2020,$10.19,561828,$10.06,$10.19,$10.02
03/11/2020,$10.22,62858,$10.18,$10.25,$10.17
03/10/2020,$10.20,4207831,$10.22,$10.28,$10.18
03/09/2020,$10.22,58812,$10.25,$10.25,$10.21
03/06/2020,$10.25,N/A,$10.25,$10.25,$10.25
03/05/2020,$10.25,10401,$10.26,$10.26,$10.25
03/04/2020,$10.23,100702,$10.24,$10.24,$10.229
03/03/2020,$10.25,209094,$10.25,$10.26,$10.24
03/02/2020,$10.25,604303,$10.26,$10.2601,$10.25
02/28/2020,$10.26,163048,$10.28,$10.28,$10.23
02/27/2020,$10.30,102,$10.30,$10.30,$10.30
02/26/2020,$10.26,7702,$10.26,$10.26,$10.26
02/25/2020,$10.25,7474,$10.28,$10.28,$10.25
02/24/2020,$10.30,337204,$10.38,$10.38,$10.30
02/21/2020,$10.30,N/A,$10.30,$10.30,$10.30
02/20/2020,$10.30,1323,$10.32,$10.32,$10.30
02/19/2020,$10.26,3924,$10.28,$10.28,$10.26
02/18/2020,$10.24,92346,$10.29,$10.29,$10.24
02/14/2020,$10.28,490298,$10.38,$10.38,$10.245
02/13/2020,$10.27,326,$10.27,$10.27,$10.27
02/12/2020,$10.27,N/A,$10.27,$10.27,$10.27
02/11/2020,$10.27,2615,$10.27,$10.27,$10.27
02/10/2020,$10.27,N/A,$10.27,$10.27,$10.27
02/07/2020,$10.27,3565,$10.29,$10.29,$10.27
02/06/2020,$10.24,56678,$10.28,$10.29,$10.24
02/05/2020,$10.26,208038,$10.271,$10.271,$10.25
02/04/2020,$10.26,227135,$10.26,$10.28,$10.255
02/03/2020,$10.24,6986,$10.26,$10.26,$10.24
01/31/2020,$10.23,250060,$10.23,$10.23,$10.23
01/30/2020,$10.23,37601,$10.23,$10.26,$10.23
01/29/2020,$10.23,N/A,$10.23,$10.23,$10.23
01/28/2020,$10.23,4266,$10.23,$10.24,$10.23
01/27/2020,$10.2263,18010,$10.23,$10.23,$10.2263
01/24/2020,$10.25,2973,$10.25,$10.25,$10.25
01/23/2020,$10.26,N/A,$10.26,$10.26,$10.26
01/22/2020,$10.26,5312,$10.23,$10.26,$10.23
01/21/2020,$10.23,581118,$10.21,$10.25,$10.21
01/17/2020,$10.23,5643,$10.23,$10.23,$10.23
01/16/2020,$10.25,75663,$10.24,$10.25,$10.22
01/15/2020,$10.22,523497,$10.20,$10.23,$10.20
01/14/2020,$10.20,530325,$10.20,$10.20,$10.20
01/13/2020,$10.20,N/A,$10.20,$10.20,$10.20
01/10/2020,$10.20,1000,$10.20,$10.20,$10.20
01/09/2020,$10.20,39211,$10.20,$10.21,$10.20
01/08/2020,$10.24,625470,$10.20,$10.24,$10.20
01/07/2020,$10.19,300125,$10.20,$10.20,$10.19
01/06/2020,$10.18,53100,$10.16,$10.18,$10.16
01/03/2020,$10.16,19274,$10.16,$10.16,$10.16
01/02/2020,$10.16,64080,$10.15,$10.1602,$10.15
12/31/2019,$10.16,45785,$10.14,$10.16,$10.14
12/30/2019,$10.16,5275,$10.15,$10.16,$10.15
12/27/2019,$10.14,100501,$10.14,$10.14,$10.14
12/26/2019,$10.13,1000,$10.13,$10.13,$10.13
12/24/2019,$10.14,N/A,$10.14,$10.14,$10.14
12/23/2019,$10.14,2300,$10.14,$10.14,$10.14
12/20/2019,$10.15,24465,$10.14,$10.15,$10.14
12/19/2019,$10.15,121080,$10.14,$10.15,$10.11
12/18/2019,$10.13,6100,$10.13,$10.135,$10.12
12/17/2019,$10.13,1950,$10.13,$10.13,$10.13
12/16/2019,$10.14,5906,$10.11,$10.14,$10.11
12/13/2019,$10.10,2219,$10.10,$10.10,$10.10
12/12/2019,$10.10,36917,$10.10,$10.10,$10.10
12/11/2019,$10.10,2002,$10.10,$10.10,$10.10
12/10/2019,$10.09,27100,$10.09,$10.09,$10.08
12/09/2019,$10.09,13000,$10.08,$10.09,$10.08
12/06/2019,$10.09,N/A,$10.09,$10.09,$10.09
12/05/2019,$10.09,2605,$10.09,$10.09,$10.09
12/04/2019,$10.0801,4100,$10.08,$10.0801,$10.08
12/03/2019,$10.07,N/A,$10.07,$10.07,$10.07
12/02/2019,$10.07,300,$10.07,$10.07,$10.07
11/29/2019,$10.07,16527,$10.06,$10.07,$10.06
11/27/2019,$10.06,1055,$10.06,$10.06,$10.06
11/26/2019,$10.06,1010,$10.06,$10.06,$10.06
11/25/2019,$10.06,1010,$10.06,$10.06,$10.06
11/22/2019,$10.05,1001,$10.05,$10.05,$10.05
11/21/2019,$10.04,N/A,$10.04,$10.04,$10.04
11/20/2019,$10.04,3300,$10.04,$10.05,$10.04
11/19/2019,$10.04,15611,$10.04,$10.04,$10.04
11/18/2019,$10.03,445,$10.06,$10.06,$10.03
11/15/2019,$10.0301,N/A,$10.0301,$10.0301,$10.0301
11/14/2019,$10.0301,N/A,$10.0301,$10.0301,$10.0301
11/13/2019,$10.0301,1757,$10.04,$10.04,$10.03
11/12/2019,$10.06,N/A,$10.06,$10.06,$10.06
11/11/2019,$10.06,158,$10.06,$10.06,$10.06
11/08/2019,$10.05,4400,$10.08,$10.08,$10.05
11/07/2019,$10.05,52042,$10.05,$10.06,$10.05
11/06/2019,$10.05,3001,$10.06,$10.06,$10.05
11/05/2019,$10.05,3300,$10.03,$10.05,$10.03
11/04/2019,$10.06,N/A,$10.06,$10.06,$10.06
11/01/2019,$10.06,301,$10.05,$10.06,$10.05
10/31/2019,$10.05,2403,$10.03,$10.05,$10.03
10/30/2019,$10.03,200300,$10.048,$10.06,$10.03
10/29/2019,$10.04,359,$10.04,$10.04,$10.04
10/28/2019,$10.06,N/A,$10.06,$10.06,$10.06
10/25/2019,$10.06,N/A,$10.06,$10.06,$10.06
10/24/2019,$10.06,N/A,$10.06,$10.06,$10.06
10/23/2019,$10.06,N/A,$10.06,$10.06,$10.06
10/22/2019,$10.06,N/A,$10.06,$10.06,$10.06
10/21/2019,$10.06,126,$10.06,$10.06,$10.06
10/18/2019,$10.03,4021,$10.01,$10.03,$10.01
10/17/2019,$10.00,1071,$10.00,$10.00,$10.00
10/16/2019,$10.00,227,$10.00,$10.00,$10.00
10/15/2019,$10.00,368,$10.00,$10.00,$10.00
10/14/2019,$9.96,N/A,$9.96,$9.96,$9.96
10/11/2019,$9.96,7532,$10.05,$10.05,$9.96
10/10/2019,$10.06,663,$10.06,$10.06,$10.00
10/09/2019,$10.09,465,$10.10,$10.10,$10.09
10/08/2019,$10.14,198,$10.14,$10.14,$10.14
10/07/2019,$10.01,1901,$10.01,$10.01,$10.01
10/04/2019,$10.01,N/A,$10.01,$10.01,$10.01
10/03/2019,$10.01,N/A,$10.01,$10.01,$10.01
10/02/2019,$10.01,N/A,$10.01,$10.01,$10.01
10/01/2019,$10.01,N/A,$10.01,$10.01,$10.01
09/30/2019,$10.01,N/A,$10.01,$10.01,$10.01
09/27/2019,$10.01,N/A,$10.01,$10.01,$10.01
09/26/2019,$10.01,3120,$10.00,$10.01,$10.00
09/25/2019,$10.00,9128,$10.07,$10.07,$10.00
09/24/2019,$10.05,1684,$10.08,$10.08,$10.05
09/23/2019,$10.12,200,$10.12,$10.12,$10.12
09/20/2019,$10.15,4798,$10.02,$10.175,$10.00
09/19/2019,$10.02,10364,$10.02,$10.02,$10.02
09/18/2019,$10.00,24802,$10.01,$10.01,$9.99
09/17/2019,$10.01,N/A,$10.01,$10.01,$10.01
09/16/2019,$10.01,N/A,$10.01,$10.01,$10.01
09/13/2019,$10.01,2168,$10.01,$10.02,$10.01
09/12/2019,$10.02,100,$10.02,$10.02,$10.02
09/11/2019,$10.02,10662,$10.04,$10.04,$10.02
09/10/2019,$10.05,4732,$10.00,$10.05,$10.00
09/09/2019,$10.00,75006,$10.00,$10.00,$10.00
09/06/2019,$10.01,107648,$10.00,$10.01,$10.00
09/05/2019,$10.00,2102,$10.00,$10.00,$10.00
09/04/2019,$10.00,7922,$10.00,$10.00,$10.00
09/03/2019,$10.00,4480,$10.00,$10.00,$10.00
08/30/2019,$10.02,51861,$10.00,$10.02,$10.00
08/29/2019,$9.9936,1016,$9.9936,$9.9936,$9.9936
08/28/2019,$10.00,17704,$10.00,$10.00,$10.00
08/27/2019,$9.98,93811,$9.975,$9.98,$9.97
08/26/2019,$9.97,500,$9.97,$9.97,$9.97
08/23/2019,$9.97,11539,$9.97,$9.97,$9.9501
08/22/2019,$9.98,549,$9.98,$9.98,$9.98
08/21/2019,$10.00,10061,$10.00,$10.00,$10.00
08/20/2019,$9.99,1014,$9.99,$9.99,$9.99
08/19/2019,$9.98,4666,$9.98,$9.98,$9.98
08/16/2019,$9.98,880,$9.98,$9.98,$9.98
08/15/2019,$9.99,76398,$9.95,$9.99,$9.94
08/14/2019,$9.98,3725,$9.97,$9.98,$9.97
08/13/2019,$9.964,194,$9.964,$9.964,$9.964
08/12/2019,$9.97,N/A,$9.97,$9.97,$9.97
08/09/2019,$9.97,N/A,$9.97,$9.97,$9.97
08/08/2019,$9.97,304072,$10.00,$10.00,$9.97
08/07/2019,$10.00,N/A,$10.00,$10.00,$10.00
08/06/2019,$10.00,658803,$9.98,$10.09,$9.98
08/05/2019,$9.98,700,$9.97,$9.98,$9.97
08/02/2019,$9.98,825173,$9.98,$9.98,$9.97
08/01/2019,$9.97,2258358,$10.00,$10.00,$9.97
07/31/2019,$9.99,4302,$9.98,$10.00,$9.96
07/30/2019,$9.96,N/A,$9.96,$9.96,$9.96
07/29/2019,$9.96,100,$9.96,$9.96,$9.96
07/26/2019,$9.96,205,$9.96,$9.96,$9.96
07/25/2019,$9.96,4904,$9.96,$9.96,$9.96
07/24/2019,$9.95,N/A,$9.95,$9.95,$9.95
07/23/2019,$9.95,1602,$9.95,$9.95,$9.93
07/22/2019,$10.00,N/A,$10.00,$10.00,$10.00
07/19/2019,$10.00,2871,$10.00,$10.00,$10.00
07/18/2019,$10.00,1000,$10.00,$10.00,$10.00
07/17/2019,$9.975,100000,$9.975,$9.975,$9.975
07/16/2019,$9.975,367857,$9.95,$9.975,$9.95
07/15/2019,$9.9374,36141,$9.9439,$9.95,$9.9321
07/12/2019,$9.93,N/A,$9.93,$9.93,$9.93
07/11/2019,$9.93,N/A,$9.93,$9.93,$9.93
07/10/2019,$9.93,52103,$9.9085,$9.93,$9.9085
07/09/2019,$9.90,20000,$9.90,$9.90,$9.90
07/08/2019,$9.90,37691,$9.90,$9.95,$9.90
07/05/2019,$9.90,N/A,$9.90,$9.90,$9.90
07/03/2019,$9.90,3100,$9.90,$9.90,$9.90
07/02/2019,$9.90,39940,$9.90,$9.90,$9.89
07/01/2019,$9.90,49400,$9.90,$9.91,$9.90
06/28/2019,$9.90,4016,$9.99,$9.99,$9.90
06/27/2019,$9.92,453625,$9.92,$9.95,$9.92
06/26/2019,$9.945,29055,$9.96,$9.96,$9.945
06/25/2019,$9.95,100,$9.95,$9.95,$9.95
06/24/2019,$9.95,401,$9.95,$9.95,$9.95
06/21/2019,$9.94,202642,$9.92,$9.95,$9.92
06/20/2019,$9.90,35100,$9.90,$9.90,$9.90
06/19/2019,$9.92,N/A,$9.92,$9.92,$9.92
06/18/2019,$9.92,102000,$9.93,$9.93,$9.92
06/17/2019,$9.95,51349,$10.05,$10.05,$9.95
06/14/2019,$10.05,6719,$9.88,$10.05,$9.88
06/13/2019,$9.88,4771,$9.90,$9.90,$9.88
06/12/2019,$9.90,4100,$9.95,$9.95,$9.90
06/11/2019,$9.90,60880,$9.90,$9.90,$9.90
06/10/2019,$9.88,80685,$9.88,$9.88,$9.88
06/07/2019,$9.88,N/A,$9.88,$9.88,$9.88
06/06/2019,$9.88,144724,$9.865,$9.96,$9.865
06/05/2019,$9.86,400,$9.88,$9.88,$9.86
06/04/2019,$9.88,3910,$9.8799,$9.88,$9.8799
06/03/2019,$9.88,N/A,$9.88,$9.88,$9.88
05/31/2019,$9.88,21660,$9.88,$9.89,$9.87
05/30/2019,$9.88,84561,$9.89,$9.92,$9.85
05/29/2019,$9.87,1081,$9.87,$9.87,$9.87
05/28/2019,$9.87,N/A,$9.87,$9.87,$9.87
05/24/2019,$9.87,38545,$9.86,$9.90,$9.85
05/23/2019,$9.86,26276,$9.85,$9.86,$9.85
05/22/2019,$9.86,63505,$9.85,$9.87,$9.85
05/21/2019,$9.85,15362,$9.87,$9.87,$9.85
05/20/2019,$9.87,N/A,$9.87,$9.87,$9.87
05/17/2019,$9.87,N/A,$9.87,$9.87,$9.87
05/16/2019,$9.87,N/A,$9.87,$9.87,$9.87
05/15/2019,$9.87,196538,$9.85,$9.88,$9.85
05/14/2019,$9.86,50547,$9.85,$9.87,$9.85
05/13/2019,$9.8515,196,$9.8515,$9.8515,$9.8515
05/10/2019,$9.87,51000,$9.86,$9.87,$9.86
05/09/2019,$9.86,3300,$9.86,$9.86,$9.86
05/08/2019,$9.86,N/A,$9.86,$9.86,$9.86
05/07/2019,$9.86,N/A,$9.86,$9.86,$9.86
05/06/2019,$9.86,24205,$9.86,$9.87,$9.86
05/03/2019,$9.86,708,$9.896,$9.905,$9.86
05/02/2019,$9.86,201,$9.86,$9.86,$9.86
05/01/2019,$9.84,N/A,$9.84,$9.84,$9.84
04/30/2019,$9.84,10952,$9.84,$9.84,$9.84
04/29/2019,$9.86,N/A,$9.86,$9.86,$9.86
04/26/2019,$9.86,130549,$9.88,$9.88,$9.86
04/25/2019,$9.87,141695,$9.85,$9.89,$9.85
04/24/2019,$9.85,18418,$9.84,$9.85,$9.84
04/23/2019,$9.81,111,$9.81,$9.81,$9.81
04/22/2019,$9.84,N/A,$9.84,$9.84,$9.84
04/18/2019,$9.84,21218,$9.87,$10.34,$9.84
04/17/2019,$9.84,138083,$9.89,$9.89,$9.83
04/16/2019,$9.84,770500,$9.84,$9.85,$9.82
